ID,Result,Gene,Interpretation,StandardizedResult,CodingDNARef,ProteinRef,RefSeqID,Note,HGVS,VRS
21580,c.3G>A,DDX41,Yes,p.Met1Ile,c.3G>A,p.Met1Ile,NM_016222.2,NULL,NM_007294.4:c.5096G>A,ga4gh:VA.lxDRExWJ4S5I8cgXV98LlLq3hUwcfIPc
21565,c.5096G>A,BRCA1,Yes,NULL,c.5096G>A,p.Arg1699Gln,NM_007294.3,NULL,NM_007294.3:c.5096G>A,ga4gh:VA.oISAyfH0-m7JTbA-htBUdzZrXVqvh6sO
21563,c.1181C>G,WRN,Indeterminant,NULL,c.1181C>G,p.Ser394Trp,NM_000553.4,NULL,NM_000553.4:c.1181C>G,ga4gh:VA.lk_eDPIZG_MccLMjTstunapCpuYYir-V
21562,c.433C>G,VHL,Indeterminant,NULL,c.433C>G,p.Gln145Glu,NM_000551.3,NULL,NM_000551.3:c.433C>G,ga4gh:VA.Cp-Q0ZF7YItj5PR8WzjL7C-R96OQLE4Z
21561,c.293G>A,TSC2,Indeterminant,NULL,c.293G>A,p.Arg98Gln,NM_000548.3,NULL,NM_000548.3:c.293G>A,ga4gh:VA.3csR67ReZtXBjTGKWl8EU0lNgKYni39g
21560,c.-58-?_*561+?dup,TERT,Indeterminant,NULL,c.-58-?_*561+?dup,Gain (Entire coding sequence),NM_198253.2,NULL,NM_016222.4:c.3G>A,ga4gh:VA.qW8F-vxywb_0Fv4ZDBi4KS34qoovT-c6
21559,c.829C>T,SMARCA4,Indeterminant,NULL,c.829C>T,p.Pro277Ser,NM_001128849.1,NULL,NM_001128849.1:c.829C>T,ga4gh:VA.4x5iWReb6zrB1xiK6b314yHDlWl-bZs3
21558,c.456+9C>T,SDHA,Indeterminant,NULL,c.456+9C>T,Intronic,NM_004168.3,NULL,NM_004168.3:c.456+9C>T,Not currently supported by VRS
21557,c.604G>A,RET,Indeterminant,NULL,c.604G>A,p.Val202Met,NM_020975.4,NULL,NM_020975.4:c.604G>A,ga4gh:VA.wecC1mL_dUqQVFDJdxExbWN415eWUsDT
21556,c.2261G>A,RECQL4,Indeterminant,NULL,c.2261G>A,p.Arg754Gln,NM_004260.3,NULL,NM_004260.3:c.2261G>A,ga4gh:VA.kzRLp26IZTO6l4o36n0Ig7wKMir8fuNJ
21555,c.983del,RB1,Yes,NULL,c.983del,p.Asn328Ilefs*4,NM_000321.2,NULL,NM_000321.2:c.983del,ga4gh:VA.-l_Dwf796Z3DFlRm1HdGJPPrQ8g8ybGT
21554,c.955_959dup,RAD51D,Indeterminant,NULL,c.955_959dup,p.Ala321Argfs*32,NM_002878.3,NULL,NM_002878.3:c.955_959dup,Not currently supported by VRS
21553,c.6843C>G,POLE,Indeterminant,NULL,c.6843C>G,p.Asn2281Lys,NM_006231.3,NULL,NM_006231.3:c.6843C>G,ga4gh:VA.ynM3JXCfQlvrcXeUcBIkD-HtXHkTE03e
21552,c.6434G>A,POLE,Indeterminant,NULL,c.6434G>A,p.Arg2145Gln,NM_006231.3,NULL,NM_006231.3:c.6434G>A,ga4gh:VA.pzMiyZu1q2tIYAHTrIk8wXmXcVDVCUdu
21551,c.4072A>G,POLE,Indeterminant,NULL,c.4072A>G,p.Ile1358Val,NM_006231.3,NULL,NM_006231.3:c.4072A>G,ga4gh:VA.1mtiYu1sR_8aepw9anC6mlGS4dSsEOD-
21550,c.1574A>G,POLE,Indeterminant,NULL,c.1574A>G,p.Asn525Ser,NM_006231.3,NULL,NM_006231.3:c.1574A>G,ga4gh:VA.l7SEl3c3mSURyc4EXa0g5JqGn5gchy8T
21549,c.3221G>A,POLD1,Indeterminant,NULL,c.3221G>A,p.Arg1074Gln,NM_002691.3,NULL,NM_002691.3:c.3221G>A,ga4gh:VA.R4vGacgCafb3KgPMkAnomrLioUoxQPse
21548,c.2467C>T,POLD1,Indeterminant,NULL,c.2467C>T,p.Arg823Cys,NM_002691.3,NULL,NM_002691.3:c.2467C>T,ga4gh:VA.ZeF1fYKzeRO2El3FMrFEcadqTSbUUKz3
21547,c.106A>C,PMS2,Indeterminant,NULL,c.106A>C,p.Ser36Arg,NM_000535.5,NULL,NM_000535.5:c.106A>C,ga4gh:VA.OQfXsntUdJod9gtPeuP4zJLh-Jv_GZv5
21545,c.3196G>A,PALB2,Indeterminant,NULL,c.3196G>A,p.Glu1066Lys,NM_024675.3,NULL,NM_024675.3:c.3196G>A,ga4gh:VA.2PooWkARhMUn8_V9cm1Lnxwb12OVpOR6
21544,c.2736G>A,PALB2,Yes,NULL,c.2736G>A,p.Trp912*,NM_024675.3,NULL,NM_024675.3:c.2736G>A,ga4gh:VA.f4HOdS_exl0iuLHuchPIgj2fFQD_acP9
21543,c.1729G>T,NBN,Indeterminant,NULL,c.1729G>T,p.Asp577Tyr,NM_002485.4,NULL,NM_002485.4:c.1729G>T,ga4gh:VA.uHKdc68dvOOvwJRfqg9yByt8kdeBRIw8
21542,c.936G>A,MYH,Indeterminant,NULL,c.936G>A,Silent,NM_001128425.1,NULL,NM_001128425.1:c.936G>A,ga4gh:VA.50ho8dGb7rfGTygF08bqLLOo1-_DRbPu
21541,c.2827G>T,MSH6,Indeterminant,NULL,c.2827G>T,p.Asp943Tyr,NM_000179.2,NULL,NM_000179.2:c.2827G>T,ga4gh:VA.ATfs5HVE9TSoxav9kMepoRxH3PQIEK7A
21540,c.2027A>G,MSH6,Indeterminant,NULL,c.2027A>G,p.Lys676Arg,NM_000179.2,NULL,NM_000179.2:c.2027A>G,ga4gh:VA.96Zm6oDvHMiBtCDg1buc_VIdEwmibNvD
21539,c.1695A>C,MSH2,Indeterminant,NULL,c.1695A>C,p.Lys565Asn,NM_000251.2,NULL,NM_000251.2:c.1695A>C,ga4gh:VA.9iUHEWAMWgExI4XiqA4jlxLW6UbrVSuY
21538,c.1387G>A,MSH2,Indeterminant,NULL,c.1387G>A,p.Val463Met,NM_000251.2,NULL,NM_000251.2:c.1387G>A,ga4gh:VA.cqWSEtedpqlCdvHPPHqsf56PoREpS3Ki
21537,c.862C>T,MRE11A,Indeterminant,NULL,c.862C>T,p.Arg288Cys,NM_005591.3,NULL,NM_005591.3:c.862C>T,ga4gh:VA.QyljtMnJ6nb6bMKhJ179GiLYsiUHFY8e
21536,c.482A>G,MRE11A,Indeterminant,NULL,c.482A>G,p.Lys161Arg,NM_005591.3,NULL,NM_005591.3:c.482A>G,ga4gh:VA.I5WNDxug9uML8M54ElqIOLV_4rP4nOl3
21535,c.2042C>T,MRE11A,Indeterminant,NULL,c.2042C>T,p.Ser681Leu,NM_005591.3,NULL,NM_005591.3:c.2042C>T,ga4gh:VA.ppdTzvO_ekOPwZzXPEBMS6R3yXlVvVi-
21534,c.409G>A,MLH1,Indeterminant,NULL,c.409G>A,p.Ala137Thr,NM_000249.3,NULL,NM_000249.3:c.409G>A,ga4gh:VA.qRD2ZdE86spc1ZPJBHQp4xryx7GSrN3K
21533,c.1668-?_*193+?dup,MLH1,Indeterminant,NULL,c.1668-?_*193+?dup,Gain (Exons 15-19),NM_000249.3,NULL,NM_000249.3:c.1668-?_*193+?dup,Not currently supported by VRS
21531,c.187C>G,HFE,Yes-Low Penetran,NULL,c.187C>G,p.His63Asp,NM_000410.3,NULL,NM_000410.3:c.187C>G,ga4gh:VA.OI6dxBFVUTRCRiBorScJsvk_P9UPi-er
21530,c.1451A>G,FLCN,Indeterminant,NULL,c.1451A>G,p.Asn484Ser,NM_144997.5,NULL,NM_144997.5:c.1451A>G,ga4gh:VA.oHXmTrUFUjmhagIdZEkm1PeOfoGoBczA
21529,c.1337G>A,FLCN,Indeterminant,NULL,c.1337G>A,p.Arg446His,NM_144997.5,NULL,NM_144997.5:c.1337G>A,ga4gh:VA.ZI4NV9EX0geAlDXQiiVedWf9C7Zg3GLb
21528,c.293G>A,EGFR,Indeterminant,NULL,c.293G>A,p.Arg98Gln,NM_005228.3,NULL,NM_005228.3:c.293G>A,ga4gh:VA.1oWKHkonzjGQlyPmUagAKY8JC0RwMBZe
21527,c.5390A>G,DICER1,Indeterminant,NULL,c.5390A>G,p.Glu1797Gly,NM_177438.2,NULL,NM_177438.2:c.5390A>G,ga4gh:VA.FDKu5GObaYcpQzCN0mYQ-Sl0Zih0CGUD
21526,c.1427C>T,CHEK2,Indeterminant,NULL,c.1427C>T,p.Thr476Met,NM_007194.3,NULL,NM_020975.6:c.604G>A,ga4gh:VA.2rvV410A00oBOjooY7PLcDhKQ9Yyh6Fr
21525,c.178G>T,CFTR,Yes,NULL,c.178G>T,p.Glu60*,NM_000492.3,NULL,NM_000492.3:c.178G>T,ga4gh:VA.x_cFPfewyNenfaUlCcbOK4WsYEtZ0BXW
21524,c.1137G>A,CDH1,Yes,NULL,c.1137G>A,Silent,NM_004360.3,NULL,NM_004360.3:c.1137G>A,ga4gh:VA.BaPD2sFDYEgAw_pKacwwrVw-rpnfOhiM
21522,c.55C>T,CCM2,Yes,NULL,c.55C>T,p.Arg19*,NM_031443.3,NULL,NM_031443.3:c.55C>T,ga4gh:VA.DN66gTg53tXI4XGnXfyJ9SNPUuwBm5mn
21521,c.3055G>A,CASR,Indeterminant,NULL,c.3055G>A,p.Gly1019Arg,NM_000388.3,NULL,NM_000388.3:c.3055G>A,ga4gh:VA.yzacjQR35KkcTlrMJEMiZSm3tdID-AcQ
21520,c.8243G>A,BRCA2,Yes,NULL,c.8243G>A,p.Gly2748Asp,NM_000059.3,NULL,NM_000059.3:c.8243G>A,ga4gh:VA.jL8j7xl9dFBT860UkN5DLXz89mPOyL6b
21519,c.7759C>T,BRCA2,Indeterminant,NULL,c.7759C>T,p.Leu2587Phe,NM_000059.3,NULL,NM_000059.3:c.7759C>T,ga4gh:VA.v-d48n2nhq2ZOuPlYbZuV8U5Flc2QZdp
21518,c.3245A>G,BRCA2,Indeterminant,NULL,c.3245A>G,p.Lys1082Arg,NM_000059.3,NULL,NM_000059.3:c.3245A>G,ga4gh:VA.1b-MMqZm4eo2zTTCblU3K3n8eB-CAxdI
21517,c.2593G>C,BRCA2,Indeterminant,NULL,c.2593G>C,p.Glu865Gln,NM_000059.3,NULL,NM_000059.3:c.2593G>C,ga4gh:VA.fSvDvED6VjCmLICFL2Tm22jQ4n95PQW4
21516,c.455T>C,BRCA1,Indeterminant,NULL,c.455T>C,p.Leu152Pro,NM_007294.3,NULL,NM_007294.3:c.455T>C,ga4gh:VA.p1pa-zxWfwEPdvV6Jo8fhAn5TyI3YMwz
21515,c.1860del,BRCA1,Yes,NULL,c.1860del,p.His621Metfs*5,NM_007294.3,NULL,NM_007294.3:c.1860del,ga4gh:VA.uvPrhu4JlrjpsaDiNA7h-TmR4vaufUs8
21514,c.1175_1214del,BRCA1,Yes,NULL,c.1175_1214del,p.Leu392Glnfs*5,NM_007294.3,Different note,NM_007294.3:c.1175_1214del,ga4gh:VA.K0JQPnIutWJDOv9LoSRoj0wJpfIHqRmt
21513,c.1175_1214del,BRCA1,Yes,NULL,c.1175_1214del,p.Leu392Glnfs*5,NM_007294.3,NULL,NM_007294.3:c.1175_1214del,ga4gh:VA.K0JQPnIutWJDOv9LoSRoj0wJpfIHqRmt
